speed_mps,angle_deg,trial,first_detection_time,pad_acquired_time,detection_to_acquired_s,landing_time,landing_error_xy_m,landed,landing_success
15.0,0.0,1,63.0,76.651,13.650999999999996,102.152,0.044352691449285865,True,True
15.0,0.0,2,58.101,72.4,14.299000000000007,96.0,0.04379085817878876,True,True
15.0,0.0,3,58.6,72.9,14.300000000000004,99.7,0.05557897596389093,True,True
15.0,22.0,1,59.6,74.15,14.550000000000004,98.602,0.03482825698811825,True,True
15.0,22.0,2,60.85,75.401,14.550999999999995,100.2,0.04764856951528482,True,True
15.0,22.0,3,61.7,75.304,13.604,101.4,0.06402691827412636,True,True
15.0,45.0,1,63.3,77.4,14.100000000000009,101.55,0.05402795340761842,True,True
15.0,45.0,2,76.154,91.6,15.445999999999998,115.102,0.07662295553378104,True,True
15.0,45.0,3,81.153,95.474,14.320999999999998,119.1,0.05252970649814086,True,True
15.0,67.0,1,59.2,71.45,12.25,98.2,0.08778167541862807,True,True
15.0,67.0,2,58.252,71.65,13.398000000000003,97.202,0.07465868264054111,True,True
15.0,67.0,3,80.45,93.6,13.149999999999991,122.2,0.040867377548657435,True,True
15.0,90.0,1,154.25,167.7,13.449999999999989,193.75,0.05923372321193007,True,True
15.0,90.0,2,59.3,72.551,13.251000000000005,98.4,0.04748663757320318,True,True
15.0,90.0,3,69.451,82.502,13.051000000000002,108.15,0.08952269894168166,True,True
15.0,112.0,1,60.15,74.15,14.000000000000007,96.8,0.05025975876066334,True,True
15.0,112.0,2,59.351,72.251,12.900000000000006,97.051,0.10191901253459765,True,True
15.0,112.0,3,58.902,71.851,12.948999999999998,94.153,0.08576857314477718,True,True
15.0,135.0,1,61.904,74.85,12.94599999999999,98.952,0.08376100503336087,True,True
15.0,135.0,2,58.501,72.05,13.549,95.352,0.05392411196007774,True,True
15.0,135.0,3,59.204,73.95,14.746000000000002,97.6,0.10073583651893274,True,True
15.0,157.0,1,59.25,73.8,14.549999999999997,98.151,0.06776819799066021,True,True
15.0,157.0,2,59.601,72.852,13.251000000000005,97.65,0.07020329650888459,True,True
15.0,157.0,3,59.55,73.653,14.103000000000009,99.75,0.09208351986125436,True,True
15.0,180.0,1,58.1,72.15,14.050000000000004,97.902,0.08831114087871454,True,True
15.0,180.0,2,58.704,74.95,16.246000000000002,,,False,False
15.0,180.0,3,59.4,73.95,14.550000000000004,100.05,0.05628056608393447,True,True
