speed_mps,angle_deg,trials,avg_landing_error_xy_m,landing_success_rate_percent,avg_detection_to_acquired_s,landed_trials
15.0,0.0,3,0.04790750853065518,100.0,14.083333333333336,3
15.0,22.0,3,0.04883458159250981,100.0,14.235,3
15.0,45.0,3,0.06106020514651345,100.0,14.622333333333335,3
15.0,67.0,3,0.06776924520260887,100.0,12.932666666666664,3
15.0,90.0,3,0.06541435324227164,100.0,13.250666666666666,3
15.0,112.0,3,0.07931578148001273,100.0,13.283000000000003,3
15.0,135.0,3,0.07947365117079046,100.0,13.746999999999998,3
15.0,157.0,3,0.07668500478693306,100.0,13.968000000000004,3
15.0,180.0,3,0.0722958534813245,66.66666666666666,14.94866666666667,2
